tau_mean,tau_p10,tau_p50,tau_p90
0.07139493659850192,-0.19157134682079882,0.06974328817780281,0.34988221536379926
