edu_group,count,mean,std
"(-0.001, 6.0]",4,0.1503384250149285,0.23736467597662672
"(6.0, 9.0]",2,-0.007795435073023785,0.20251874658197228
"(9.0, 22.0]",0,,
