asset_group,count,mean,std
"(2.0780000000000003, 11.264]",415,0.036924880241010885,0.18683437265226088
"(11.264, 12.036]",735,0.04744087623951612,0.22671102742488344
"(12.036, 12.766]",863,0.10108023987601004,0.19769010348852056
"(12.766, 17.828]",542,0.08300543664227279,0.1915520653145937
