att,n,treated,control,ps_mean
-0.00392493454548185,2555.0,306.0,2249.0,0.1197909429511601
